{"meta": {"number_of_robots": 10, "description": {"parameters": {"seed": 688, "shape": [10, 10], "obstacles": {"n": 10, "mean": 3, "std": 1.5}, "clusters": {"n": 0, "mean": 10, "std": 5.0, "relative_radius": 2, "increase_factor": 1.3, "start_dist": {"generator_name": "uniform", "shape": [10, 10], "min": 1.0, "max": 1.0, "mean": 1.0, "std": 0.0, "dtype": "float64", "parameters": {}}, "target_dist": {"generator_name": "uniform", "shape": [10, 10], "min": 1.0, "max": 1.0, "mean": 1.0, "std": 0.0, "dtype": "float64", "parameters": {}}}, "density": 0.2, "start_dist": {"generator_name": "uniform", "shape": [10, 10], "min": 1.0, "max": 1.0, "mean": 1.0, "std": 0.0, "dtype": "float64", "parameters": {}}, "target_dist": {"generator_name": "uniform", "shape": [10, 10], "min": 1.0, "max": 1.0, "mean": 1.0, "std": 0.0, "dtype": "float64", "parameters": {}}}, "stats": {"date": "2020-11-18", "free_area": 50.0, "number_of_clustered_robots": 0, "number_of_robots": 10}}}, "name": "small_000_10x10_20_10", "obstacles": [[1, 1], [2, 1], [2, 2], [3, 1], [3, 3], [3, 4], [3, 5], [3, 6], [3, 7], [4, 1], [4, 7], [5, 0], [5, 8], [6, 0], [6, 8], [7, 0], [7, 2], [7, 3], [7, 4], [7, 7], [8, 0], [8, 1], [8, 5], [8, 6], [8, 7], [9, 0], [9, 1]], "starts": [[3, 0], [2, 4], [0, 3], [8, 4], [2, 9], [3, 9], [2, 7], [0, 9], [2, 0], [1, 5]], "targets": [[2, 6], [2, 5], [9, 2], [8, 9], [0, 9], [0, 3], [9, 6], [0, 6], [7, 8], [9, 3]]}