{"meta": {"number_of_robots": 30, "description": {"parameters": {"seed": 4847, "shape": [10, 10], "obstacles": {"n": 5, "mean": 3, "std": 1.5}, "clusters": {"n": 0, "mean": 10, "std": 5.0, "relative_radius": 2, "increase_factor": 1.3, "start_dist": {"generator_name": "uniform", "shape": [10, 10], "min": 1.0, "max": 1.0, "mean": 1.0, "std": 0.0, "dtype": "float64", "parameters": {}}, "target_dist": {"generator_name": "uniform", "shape": [10, 10], "min": 1.0, "max": 1.0, "mean": 1.0, "std": 0.0, "dtype": "float64", "parameters": {}}}, "density": 0.4, "start_dist": {"generator_name": "uniform", "shape": [10, 10], "min": 1.0, "max": 1.0, "mean": 1.0, "std": 0.0, "dtype": "float64", "parameters": {}}, "target_dist": {"generator_name": "uniform", "shape": [10, 10], "min": 1.0, "max": 1.0, "mean": 1.0, "std": 0.0, "dtype": "float64", "parameters": {}}}, "stats": {"date": "2020-11-18", "free_area": 75.0, "number_of_clustered_robots": 0, "number_of_robots": 30}}}, "name": "small_001_10x10_40_30", "obstacles": [[2, 6], [2, 7], [2, 8], [3, 6], [3, 8], [4, 6], [4, 8], [5, 6], [5, 9], [6, 2], [6, 3], [6, 4], [6, 6], [6, 7], [6, 9], [7, 2], [7, 3], [7, 4], [7, 8], [7, 9]], "starts": [[1, 3], [0, 8], [8, 1], [7, 0], [4, 5], [9, 0], [1, 0], [1, 1], [8, 3], [1, 2], [3, 4], [8, 7], [5, 2], [0, 5], [5, 4], [2, 5], [3, 0], [8, 5], [2, 3], [0, 3], [1, 8], [3, 2], [8, 6], [1, 9], [4, 9], [0, 7], [3, 3], [2, 4], [9, 3], [0, 2]], "targets": [[8, 1], [9, 6], [3, 2], [3, 0], [8, 8], [0, 6], [5, 2], [9, 9], [3, 4], [1, 0], [4, 2], [9, 3], [9, 7], [4, 9], [5, 1], [9, 2], [9, 8], [7, 7], [8, 6], [8, 0], [4, 3], [0, 8], [2, 2], [9, 0], [2, 3], [5, 0], [1, 6], [2, 1], [7, 5], [1, 8]]}